Run,ReleaseDate,LoadDate,spots,bases,spots_with_mates,avgLength,size_MB,AssemblyName,download_path,Experiment,LibraryName,LibraryStrategy,LibrarySelection,LibrarySource,LibraryLayout,InsertSize,InsertDev,Platform,Model,SRAStudy,BioProject,Study_Pubmed_id,ProjectID,Sample,BioSample,SampleType,TaxID,ScientificName,SampleName,g1k_pop_code,source,g1k_analysis_group,Subject_ID,Sex,Disease,Tumor,Affection_Status,Analyte_Type,Histological_Type,Body_Site,CenterName,Submission,dbgap_study_accession,Consent,RunHash,ReadHash
ERR2663475,2018-10-25 13:13:40,2018-10-29 03:14:54,2185626,655687800,2185626,300,261,,https://sra-downloadb.be-md.ncbi.nlm.nih.gov/sos12/sra-pub-zq-1216/ERR002/663/ERR2663475.sralite.1,ERX2679284,unspecified,WGS,RANDOM,GENOMIC,PAIRED,300,0,ILLUMINA,Illumina HiSeq 4000,ERP109468,PRJEB27394,,497552,ERS2579155,SAMEA4759063,simple,90370,Salmonella enterica subsp. enterica serovar Typhi,SAMEA4759063,,,,,,,no,,,,,FONDATION MERIEUX,ERA1526464,,public,93027ABA5E9B399356F69B8380995099,3B0406AA7B9ED19D721935809D27384E
ERR2663476,2018-10-25 13:13:40,2018-10-29 03:14:54,1591722,477516600,1591722,300,202,,https://sra-downloadb.be-md.ncbi.nlm.nih.gov/sos12/sra-pub-zq-1216/ERR002/663/ERR2663476.sralite.1,ERX2679285,unspecified,WGS,RANDOM,GENOMIC,PAIRED,300,0,ILLUMINA,Illumina HiSeq 4000,ERP109468,PRJEB27394,,497552,ERS2579156,SAMEA4759064,simple,90370,Salmonella enterica subsp. enterica serovar Typhi,SAMEA4759064,,,,,,,no,,,,,FONDATION MERIEUX,ERA1526464,,public,32A32F5EB3B78519BE1B7A34D4A3F9CE,C15B8A3290736C830466D757EEB6844F
ERR2663477,2018-10-25 13:13:40,2018-10-29 03:15:11,1844965,553489500,1844965,300,221,,https://sra-downloadb.be-md.ncbi.nlm.nih.gov/sos12/sra-pub-zq-1216/ERR002/663/ERR2663477.sralite.1,ERX2679286,unspecified,WGS,RANDOM,GENOMIC,PAIRED,300,0,ILLUMINA,Illumina HiSeq 4000,ERP109468,PRJEB27394,,497552,ERS2579157,SAMEA4759065,simple,90370,Salmonella enterica subsp. enterica serovar Typhi,SAMEA4759065,,,,,,,no,,,,,FONDATION MERIEUX,ERA1526464,,public,826A96D7AF9FD118767E6A2BAACC9B61,F8B349A469C46AFD0AE6A8D21A4BBAED
ERR2663478,2018-10-25 13:13:41,2018-10-29 03:15:29,1810161,543048300,1810161,300,223,,https://sra-downloadb.be-md.ncbi.nlm.nih.gov/sos12/sra-pub-zq-1216/ERR002/663/ERR2663478.sralite.1,ERX2679287,unspecified,WGS,RANDOM,GENOMIC,PAIRED,300,0,ILLUMINA,Illumina HiSeq 4000,ERP109468,PRJEB27394,,497552,ERS2579158,SAMEA4759066,simple,90370,Salmonella enterica subsp. enterica serovar Typhi,SAMEA4759066,,,,,,,no,,,,,FONDATION MERIEUX,ERA1526464,,public,ADEBE3F89A486BF5F38A7080EB9F3E75,2C2F5930E6A8AF8CB560487D6EC714D0
ERR2663479,2018-10-25 13:13:41,2018-10-29 03:15:11,1967580,590274000,1967580,300,239,,https://sra-downloadb.be-md.ncbi.nlm.nih.gov/sos9/sra-pub-zq-922/ERR002/663/ERR2663479.sralite.1,ERX2679288,unspecified,WGS,RANDOM,GENOMIC,PAIRED,300,0,ILLUMINA,Illumina HiSeq 4000,ERP109468,PRJEB27394,,497552,ERS2579159,SAMEA4759067,simple,90370,Salmonella enterica subsp. enterica serovar Typhi,SAMEA4759067,,,,,,,no,,,,,FONDATION MERIEUX,ERA1526464,,public,74C2EDA317A837C75E12B7F2BAE8507E,13FF433014237769CBA728AF1A11E0FF
ERR2663480,2018-10-25 13:13:41,2018-10-29 03:15:50,1988753,596625900,1988753,300,238,,https://sra-downloadb.be-md.ncbi.nlm.nih.gov/sos12/sra-pub-zq-1216/ERR002/663/ERR2663480.sralite.1,ERX2679289,unspecified,WGS,RANDOM,GENOMIC,PAIRED,300,0,ILLUMINA,Illumina HiSeq 4000,ERP109468,PRJEB27394,,497552,ERS2579160,SAMEA4759068,simple,90370,Salmonella enterica subsp. enterica serovar Typhi,SAMEA4759068,,,,,,,no,,,,,FONDATION MERIEUX,ERA1526464,,public,C9EF16194BBDFED5FFD3193D6700EE7B,05CF5602D67BCE63E9D3330D166DC2C8
ERR2663481,2018-10-25 13:13:41,2018-10-29 03:15:50,1923420,577026000,1923420,300,232,,https://sra-downloadb.be-md.ncbi.nlm.nih.gov/sos9/sra-pub-zq-922/ERR002/663/ERR2663481.sralite.1,ERX2679290,unspecified,WGS,RANDOM,GENOMIC,PAIRED,300,0,ILLUMINA,Illumina HiSeq 4000,ERP109468,PRJEB27394,,497552,ERS2579161,SAMEA4759069,simple,90370,Salmonella enterica subsp. enterica serovar Typhi,SAMEA4759069,,,,,,,no,,,,,FONDATION MERIEUX,ERA1526464,,public,FB817E2ABE9101013FEAF97AAD5C858D,45651A7EB7C61A10DFF52658A30107CE
ERR2663482,2018-10-25 13:13:41,2018-10-29 03:16:08,1896877,569063100,1896877,300,231,,https://sra-downloadb.be-md.ncbi.nlm.nih.gov/sos12/sra-pub-zq-1216/ERR002/663/ERR2663482.sralite.1,ERX2679291,unspecified,WGS,RANDOM,GENOMIC,PAIRED,300,0,ILLUMINA,Illumina HiSeq 4000,ERP109468,PRJEB27394,,497552,ERS2579162,SAMEA4759070,simple,90370,Salmonella enterica subsp. enterica serovar Typhi,SAMEA4759070,,,,,,,no,,,,,FONDATION MERIEUX,ERA1526464,,public,5403855486B949916C83BA6CD53EE1F1,0DB1BEE5BA3A91498A13D2AF4E13C2D7
ERR2663483,2018-10-25 13:13:41,2018-10-29 03:16:10,2091035,627310500,2091035,300,251,,https://sra-downloadb.be-md.ncbi.nlm.nih.gov/sos12/sra-pub-zq-1216/ERR002/663/ERR2663483.sralite.1,ERX2679292,unspecified,WGS,RANDOM,GENOMIC,PAIRED,300,0,ILLUMINA,Illumina HiSeq 4000,ERP109468,PRJEB27394,,497552,ERS2579163,SAMEA4759071,simple,90370,Salmonella enterica subsp. enterica serovar Typhi,SAMEA4759071,,,,,,,no,,,,,FONDATION MERIEUX,ERA1526464,,public,2F4B8C02B4A5E8E1749C8D291416CA0B,B2FEC79096E4D1273F0521D626E82E00
ERR2663484,2018-10-25 13:13:41,2018-10-29 03:16:31,2889954,866986200,2889954,300,347,,https://sra-downloadb.be-md.ncbi.nlm.nih.gov/sos9/sra-pub-zq-922/ERR002/663/ERR2663484.sralite.1,ERX2679293,unspecified,WGS,RANDOM,GENOMIC,PAIRED,300,0,ILLUMINA,Illumina HiSeq 4000,ERP109468,PRJEB27394,,497552,ERS2579164,SAMEA4759072,simple,90370,Salmonella enterica subsp. enterica serovar Typhi,SAMEA4759072,,,,,,,no,,,,,FONDATION MERIEUX,ERA1526464,,public,76C6C060292AE27A52F800C06546A129,8AC13D45C066574B311D85893E9C1B4E
ERR2663485,2018-10-25 13:13:41,2018-10-29 03:16:29,2082403,624720900,2082403,300,250,,https://sra-downloadb.be-md.ncbi.nlm.nih.gov/sos12/sra-pub-zq-1216/ERR002/663/ERR2663485.sralite.1,ERX2679294,unspecified,WGS,RANDOM,GENOMIC,PAIRED,300,0,ILLUMINA,Illumina HiSeq 4000,ERP109468,PRJEB27394,,497552,ERS2579165,SAMEA4759073,simple,90370,Salmonella enterica subsp. enterica serovar Typhi,SAMEA4759073,,,,,,,no,,,,,FONDATION MERIEUX,ERA1526464,,public,9A3909517D4555B21C340E2240DA9CBE,432ABD973B4277BEB856991015864D7F
ERR2663486,2018-10-25 13:13:41,2018-10-29 13:00:46,1948075,584422500,1948075,300,233,,https://sra-downloadb.be-md.ncbi.nlm.nih.gov/sos9/sra-pub-zq-922/ERR002/663/ERR2663486.sralite.1,ERX2679295,unspecified,WGS,RANDOM,GENOMIC,PAIRED,300,0,ILLUMINA,Illumina HiSeq 4000,ERP109468,PRJEB27394,,497552,ERS2579166,SAMEA4759074,simple,90370,Salmonella enterica subsp. enterica serovar Typhi,SAMEA4759074,,,,,,,no,,,,,FONDATION MERIEUX,ERA1526464,,public,075DC48FD382627EF1F8860C29818ECB,177D2F50D45576C0BCA4C96D1E25A2ED
ERR2663488,2018-10-25 13:13:41,2018-10-29 13:00:48,1871360,561408000,1871360,300,226,,https://sra-downloadb.be-md.ncbi.nlm.nih.gov/sos12/sra-pub-zq-1216/ERR002/663/ERR2663488.sralite.1,ERX2679297,unspecified,WGS,RANDOM,GENOMIC,PAIRED,300,0,ILLUMINA,Illumina HiSeq 4000,ERP109468,PRJEB27394,,497552,ERS2579167,SAMEA4759075,simple,90370,Salmonella enterica subsp. enterica serovar Typhi,SAMEA4759075,,,,,,,no,,,,,FONDATION MERIEUX,ERA1526464,,public,6ACF38A5C43D4CFAB7091EE2C67AFE04,7745235552375D0085B0F0902C020E4F
ERR2663489,2018-10-25 13:13:41,2018-10-29 13:01:42,2080671,624201300,2080671,300,251,,https://sra-downloadb.be-md.ncbi.nlm.nih.gov/sos9/sra-pub-zq-922/ERR002/663/ERR2663489.sralite.1,ERX2679298,unspecified,WGS,RANDOM,GENOMIC,PAIRED,300,0,ILLUMINA,Illumina HiSeq 4000,ERP109468,PRJEB27394,,497552,ERS2579168,SAMEA4759076,simple,90370,Salmonella enterica subsp. enterica serovar Typhi,SAMEA4759076,,,,,,,no,,,,,FONDATION MERIEUX,ERA1526464,,public,8F5B45869A93959D6A57DF44FBF1B07D,8858DAEB92CA4E4B639B34D84069EAA6
ERR2663490,2018-10-25 13:13:41,2018-10-29 13:01:35,1863267,558980100,1863267,300,224,,https://sra-downloadb.be-md.ncbi.nlm.nih.gov/sos12/sra-pub-zq-1216/ERR002/663/ERR2663490.sralite.1,ERX2679299,unspecified,WGS,RANDOM,GENOMIC,PAIRED,300,0,ILLUMINA,Illumina HiSeq 4000,ERP109468,PRJEB27394,,497552,ERS2579169,SAMEA4759077,simple,90370,Salmonella enterica subsp. enterica serovar Typhi,SAMEA4759077,,,,,,,no,,,,,FONDATION MERIEUX,ERA1526464,,public,FBC2A4548B45F653636F73CCACD4B4ED,940AE5F4F5A07EEAB11C857231B08840
ERR2663491,2018-10-25 13:13:41,2018-10-29 13:01:56,2145417,643625100,2145417,300,260,,https://sra-downloadb.be-md.ncbi.nlm.nih.gov/sos9/sra-pub-zq-922/ERR002/663/ERR2663491.sralite.1,ERX2679300,unspecified,WGS,RANDOM,GENOMIC,PAIRED,300,0,ILLUMINA,Illumina HiSeq 4000,ERP109468,PRJEB27394,,497552,ERS2579170,SAMEA4759078,simple,90370,Salmonella enterica subsp. enterica serovar Typhi,SAMEA4759078,,,,,,,no,,,,,FONDATION MERIEUX,ERA1526464,,public,16264AFDB32C5401E0FCFD30EA89F42B,4BCC72804A28E2461DF40EFDB02B2A72
ERR2663492,2018-10-25 13:13:41,2018-10-29 13:02:01,2159394,647818200,2159394,300,264,,https://sra-downloadb.be-md.ncbi.nlm.nih.gov/sos9/sra-pub-zq-922/ERR002/663/ERR2663492.sralite.1,ERX2679301,unspecified,WGS,RANDOM,GENOMIC,PAIRED,300,0,ILLUMINA,Illumina HiSeq 4000,ERP109468,PRJEB27394,,497552,ERS2579171,SAMEA4759079,simple,90370,Salmonella enterica subsp. enterica serovar Typhi,SAMEA4759079,,,,,,,no,,,,,FONDATION MERIEUX,ERA1526464,,public,08F7A2F900E84873EBC51959E6390965,3C4B5B450DF565415548D6718221F354
ERR2663493,2018-10-25 13:13:41,2018-10-29 13:02:15,1999216,599764800,1999216,300,245,,https://sra-downloadb.be-md.ncbi.nlm.nih.gov/sos12/sra-pub-zq-1216/ERR002/663/ERR2663493.sralite.1,ERX2679302,unspecified,WGS,RANDOM,GENOMIC,PAIRED,300,0,ILLUMINA,Illumina HiSeq 4000,ERP109468,PRJEB27394,,497552,ERS2579172,SAMEA4759080,simple,90370,Salmonella enterica subsp. enterica serovar Typhi,SAMEA4759080,,,,,,,no,,,,,FONDATION MERIEUX,ERA1526464,,public,9332E9B1DA2C540C4E5DB6E1BF7ED108,9E606B3FCBA836225EC712E6FD44623B
ERR2663494,2018-10-25 13:13:41,2018-10-29 13:02:19,2060757,618227100,2060757,300,245,,https://sra-downloadb.be-md.ncbi.nlm.nih.gov/sos9/sra-pub-zq-922/ERR002/663/ERR2663494.sralite.1,ERX2679303,unspecified,WGS,RANDOM,GENOMIC,PAIRED,300,0,ILLUMINA,Illumina HiSeq 4000,ERP109468,PRJEB27394,,497552,ERS2579173,SAMEA4759081,simple,90370,Salmonella enterica subsp. enterica serovar Typhi,SAMEA4759081,,,,,,,no,,,,,FONDATION MERIEUX,ERA1526464,,public,C4197F76D88263FCBD1357403CE36152,8F06EEA012AD8D8C15E211251F6765E5
ERR2663495,2018-10-25 13:13:41,2018-10-29 03:16:59,2132693,639807900,2132693,300,254,,https://sra-downloadb.be-md.ncbi.nlm.nih.gov/sos12/sra-pub-zq-1216/ERR002/663/ERR2663495.sralite.1,ERX2679304,unspecified,WGS,RANDOM,GENOMIC,PAIRED,300,0,ILLUMINA,Illumina HiSeq 4000,ERP109468,PRJEB27394,,497552,ERS2579174,SAMEA4759082,simple,90370,Salmonella enterica subsp. enterica serovar Typhi,SAMEA4759082,,,,,,,no,,,,,FONDATION MERIEUX,ERA1526464,,public,A04CA886F75ED3E7DBEC3C1AC39E3596,9A38AADA04AD4633C1B8064C818411F2
ERR2663496,2018-10-25 13:13:41,2018-10-29 03:17:19,2070775,621232500,2070775,300,246,,https://sra-downloadb.be-md.ncbi.nlm.nih.gov/sos9/sra-pub-zq-922/ERR002/663/ERR2663496.sralite.1,ERX2679305,unspecified,WGS,RANDOM,GENOMIC,PAIRED,300,0,ILLUMINA,Illumina HiSeq 4000,ERP109468,PRJEB27394,,497552,ERS2579175,SAMEA4759083,simple,90370,Salmonella enterica subsp. enterica serovar Typhi,SAMEA4759083,,,,,,,no,,,,,FONDATION MERIEUX,ERA1526464,,public,03769E349FA1462F4814E95B1EC3B0F4,FD8AF78950E3A4ECBC98360DEEE96245
ERR2663497,2018-10-25 13:13:41,2018-10-29 03:17:35,1865951,559785300,1865951,300,224,,https://sra-downloadb.be-md.ncbi.nlm.nih.gov/sos9/sra-pub-zq-922/ERR002/663/ERR2663497.sralite.1,ERX2679306,unspecified,WGS,RANDOM,GENOMIC,PAIRED,300,0,ILLUMINA,Illumina HiSeq 4000,ERP109468,PRJEB27394,,497552,ERS2579176,SAMEA4759084,simple,90370,Salmonella enterica subsp. enterica serovar Typhi,SAMEA4759084,,,,,,,no,,,,,FONDATION MERIEUX,ERA1526464,,public,30F58C1C493A51E611A95A6FB0048A1D,82708DD161CB8305E6C7CA73D11B88B0
ERR2663498,2018-10-25 13:13:41,2018-10-29 03:17:52,1752064,525619200,1752064,300,216,,https://sra-downloadb.be-md.ncbi.nlm.nih.gov/sos12/sra-pub-zq-1216/ERR002/663/ERR2663498.sralite.1,ERX2679307,unspecified,WGS,RANDOM,GENOMIC,PAIRED,300,0,ILLUMINA,Illumina HiSeq 4000,ERP109468,PRJEB27394,,497552,ERS2579177,SAMEA4759085,simple,90370,Salmonella enterica subsp. enterica serovar Typhi,SAMEA4759085,,,,,,,no,,,,,FONDATION MERIEUX,ERA1526464,,public,9416E1F86B0287BBFEDC9CC6B6C47F20,07932C966E4E81EF4661B10D6AEB0110
ERR2663499,2018-10-25 13:13:41,2018-10-29 03:17:53,1811186,543355800,1811186,300,223,,https://sra-downloadb.be-md.ncbi.nlm.nih.gov/sos9/sra-pub-zq-922/ERR002/663/ERR2663499.sralite.1,ERX2679308,unspecified,WGS,RANDOM,GENOMIC,PAIRED,300,0,ILLUMINA,Illumina HiSeq 4000,ERP109468,PRJEB27394,,497552,ERS2579178,SAMEA4759086,simple,90370,Salmonella enterica subsp. enterica serovar Typhi,SAMEA4759086,,,,,,,no,,,,,FONDATION MERIEUX,ERA1526464,,public,0C55EE4F014C168CBB097FA13ED25769,08888256B4B649B1D3A76989AAF80158
ERR2663500,2018-10-25 13:13:41,2018-10-29 03:18:09,1853596,556078800,1853596,300,222,,https://sra-downloadb.be-md.ncbi.nlm.nih.gov/sos9/sra-pub-zq-922/ERR002/663/ERR2663500.sralite.1,ERX2679309,unspecified,WGS,RANDOM,GENOMIC,PAIRED,300,0,ILLUMINA,Illumina HiSeq 4000,ERP109468,PRJEB27394,,497552,ERS2579179,SAMEA4759087,simple,90370,Salmonella enterica subsp. enterica serovar Typhi,SAMEA4759087,,,,,,,no,,,,,FONDATION MERIEUX,ERA1526464,,public,25F2E848C9543715E01DAF6C40CD4C0C,C5966CE269550F70F98FAF6F6331A2C2
ERR2663501,2018-10-25 13:13:41,2018-10-29 03:18:08,1801397,540419100,1801397,300,216,,https://sra-downloadb.be-md.ncbi.nlm.nih.gov/sos9/sra-pub-zq-922/ERR002/663/ERR2663501.sralite.1,ERX2679310,unspecified,WGS,RANDOM,GENOMIC,PAIRED,300,0,ILLUMINA,Illumina HiSeq 4000,ERP109468,PRJEB27394,,497552,ERS2579180,SAMEA4759088,simple,90370,Salmonella enterica subsp. enterica serovar Typhi,SAMEA4759088,,,,,,,no,,,,,FONDATION MERIEUX,ERA1526464,,public,7FE0F2FCD066AC9EB4ECF4A311F97DD6,B88A976A05169FEA22401B2AA074669D
ERR2663502,2018-10-25 13:13:41,2018-10-29 03:18:25,1624454,487336200,1624454,300,195,,https://sra-downloadb.be-md.ncbi.nlm.nih.gov/sos9/sra-pub-zq-922/ERR002/663/ERR2663502.sralite.1,ERX2679311,unspecified,WGS,RANDOM,GENOMIC,PAIRED,300,0,ILLUMINA,Illumina HiSeq 4000,ERP109468,PRJEB27394,,497552,ERS2579181,SAMEA4759089,simple,90370,Salmonella enterica subsp. enterica serovar Typhi,SAMEA4759089,,,,,,,no,,,,,FONDATION MERIEUX,ERA1526464,,public,AB423E9B9C9D19CC70BF2FF87E8EBA1D,D6DAEF7E932D377E99B4C139BBCE01E7
ERR2663503,2018-10-25 13:13:41,2018-10-29 03:18:27,1963581,589074300,1963581,300,242,,https://sra-downloadb.be-md.ncbi.nlm.nih.gov/sos9/sra-pub-zq-922/ERR002/663/ERR2663503.sralite.1,ERX2679312,unspecified,WGS,RANDOM,GENOMIC,PAIRED,300,0,ILLUMINA,Illumina HiSeq 4000,ERP109468,PRJEB27394,,497552,ERS2579182,SAMEA4759090,simple,90370,Salmonella enterica subsp. enterica serovar Typhi,SAMEA4759090,,,,,,,no,,,,,FONDATION MERIEUX,ERA1526464,,public,683264CC0065DF43A353D28C59B43265,BCBD7B17BFF92B012AE9B7E8ADD6E7D5
ERR2663504,2018-10-25 13:13:41,2018-10-29 03:19:06,1925078,577523400,1925078,300,230,,https://sra-downloadb.be-md.ncbi.nlm.nih.gov/sos9/sra-pub-zq-922/ERR002/663/ERR2663504.sralite.1,ERX2679313,unspecified,WGS,RANDOM,GENOMIC,PAIRED,300,0,ILLUMINA,Illumina HiSeq 4000,ERP109468,PRJEB27394,,497552,ERS2579183,SAMEA4759091,simple,90370,Salmonella enterica subsp. enterica serovar Typhi,SAMEA4759091,,,,,,,no,,,,,FONDATION MERIEUX,ERA1526464,,public,4EAC63D70BDC1AC281B148B4466EBEAF,474ED61781271DA934DE1BF00DB125DC
ERR2663505,2018-10-25 13:13:41,2018-10-29 03:19:06,1868675,560602500,1868675,300,223,,https://sra-downloadb.be-md.ncbi.nlm.nih.gov/sos9/sra-pub-zq-922/ERR002/663/ERR2663505.sralite.1,ERX2679314,unspecified,WGS,RANDOM,GENOMIC,PAIRED,300,0,ILLUMINA,Illumina HiSeq 4000,ERP109468,PRJEB27394,,497552,ERS2579184,SAMEA4759092,simple,90370,Salmonella enterica subsp. enterica serovar Typhi,SAMEA4759092,,,,,,,no,,,,,FONDATION MERIEUX,ERA1526464,,public,C51A0D8A57236D575DD9B3FB50FB79E2,C0DE99DF1B9FC8FDFDC2E218857B7A70
ERR2663506,2018-10-25 13:13:41,2018-10-29 03:19:22,1832284,549685200,1832284,300,222,,https://sra-downloadb.be-md.ncbi.nlm.nih.gov/sos12/sra-pub-zq-1216/ERR002/663/ERR2663506.sralite.1,ERX2679315,unspecified,WGS,RANDOM,GENOMIC,PAIRED,300,0,ILLUMINA,Illumina HiSeq 4000,ERP109468,PRJEB27394,,497552,ERS2579185,SAMEA4759093,simple,90370,Salmonella enterica subsp. enterica serovar Typhi,SAMEA4759093,,,,,,,no,,,,,FONDATION MERIEUX,ERA1526464,,public,9B8A766C0DE893456204F29BC11C9304,7083B7EFF042F895DC22712E27786B7B
ERR2663507,2018-10-25 13:13:41,2018-10-29 03:19:23,1645973,493791900,1645973,300,200,,https://sra-downloadb.be-md.ncbi.nlm.nih.gov/sos9/sra-pub-zq-922/ERR002/663/ERR2663507.sralite.1,ERX2679316,unspecified,WGS,RANDOM,GENOMIC,PAIRED,300,0,ILLUMINA,Illumina HiSeq 4000,ERP109468,PRJEB27394,,497552,ERS2579186,SAMEA4759094,simple,90370,Salmonella enterica subsp. enterica serovar Typhi,SAMEA4759094,,,,,,,no,,,,,FONDATION MERIEUX,ERA1526464,,public,0EC72B49193A6536D437B8861ECBD559,7D744C72A467D2262F6FEECDED332D95
ERR2663508,2018-10-25 13:13:41,2018-10-29 03:19:35,1823364,547009200,1823364,300,222,,https://sra-downloadb.be-md.ncbi.nlm.nih.gov/sos9/sra-pub-zq-922/ERR002/663/ERR2663508.sralite.1,ERX2679317,unspecified,WGS,RANDOM,GENOMIC,PAIRED,300,0,ILLUMINA,Illumina HiSeq 4000,ERP109468,PRJEB27394,,497552,ERS2579187,SAMEA4759095,simple,90370,Salmonella enterica subsp. enterica serovar Typhi,SAMEA4759095,,,,,,,no,,,,,FONDATION MERIEUX,ERA1526464,,public,BFB0885B4BE1D65C1A0D5D46D3705BF8,A1BB9A4AB0659B6482E0EA3B94E7CA89
ERR2663509,2018-10-25 13:13:41,2018-10-29 03:19:41,4268684,1280605200,4268684,300,518,,https://sra-downloadb.be-md.ncbi.nlm.nih.gov/sos9/sra-pub-zq-922/ERR002/663/ERR2663509.sralite.1,ERX2679318,unspecified,WGS,RANDOM,GENOMIC,PAIRED,300,0,ILLUMINA,Illumina HiSeq 4000,ERP109468,PRJEB27394,,497552,ERS2579188,SAMEA4759096,simple,90370,Salmonella enterica subsp. enterica serovar Typhi,SAMEA4759096,,,,,,,no,,,,,FONDATION MERIEUX,ERA1526464,,public,E1EC6088F5F65C847EDBE813343EC08E,0024C763772FA701E0722CA0EBA9F835
ERR2663510,2018-10-25 13:13:41,2018-10-29 03:19:39,1741717,522515100,1741717,300,216,,https://sra-downloadb.be-md.ncbi.nlm.nih.gov/sos9/sra-pub-zq-922/ERR002/663/ERR2663510.sralite.1,ERX2679319,unspecified,WGS,RANDOM,GENOMIC,PAIRED,300,0,ILLUMINA,Illumina HiSeq 4000,ERP109468,PRJEB27394,,497552,ERS2579189,SAMEA4759097,simple,90370,Salmonella enterica subsp. enterica serovar Typhi,SAMEA4759097,,,,,,,no,,,,,FONDATION MERIEUX,ERA1526464,,public,B4B8361B02FEF9200F09A4BFB05E654C,2C3848A1AD525252A2B3F3CE9534AB80
ERR2663511,2018-10-25 13:13:41,2018-10-29 03:19:57,1884760,565428000,1884760,300,233,,https://sra-downloadb.be-md.ncbi.nlm.nih.gov/sos9/sra-pub-zq-922/ERR002/663/ERR2663511.sralite.1,ERX2679320,unspecified,WGS,RANDOM,GENOMIC,PAIRED,300,0,ILLUMINA,Illumina HiSeq 4000,ERP109468,PRJEB27394,,497552,ERS2579190,SAMEA4759098,simple,90370,Salmonella enterica subsp. enterica serovar Typhi,SAMEA4759098,,,,,,,no,,,,,FONDATION MERIEUX,ERA1526464,,public,EFDED1D971C8FFF52727CFCAD089A501,3A1AE18EE3A4B5817F782ABCDDA668AE
ERR2663512,2018-10-25 13:13:41,2018-10-29 03:19:59,1954868,586460400,1954868,300,234,,https://sra-downloadb.be-md.ncbi.nlm.nih.gov/sos12/sra-pub-zq-1216/ERR002/663/ERR2663512.sralite.1,ERX2679321,unspecified,WGS,RANDOM,GENOMIC,PAIRED,300,0,ILLUMINA,Illumina HiSeq 4000,ERP109468,PRJEB27394,,497552,ERS2579191,SAMEA4759099,simple,90370,Salmonella enterica subsp. enterica serovar Typhi,SAMEA4759099,,,,,,,no,,,,,FONDATION MERIEUX,ERA1526464,,public,07B17634945BEA4F22D0D3316CC3C342,94AC00F3509952D1590B529632C214E7
ERR2663513,2018-10-25 13:13:41,2018-10-29 03:20:15,2058867,617660100,2058867,300,252,,https://sra-downloadb.be-md.ncbi.nlm.nih.gov/sos12/sra-pub-zq-1216/ERR002/663/ERR2663513.sralite.1,ERX2679322,unspecified,WGS,RANDOM,GENOMIC,PAIRED,300,0,ILLUMINA,Illumina HiSeq 4000,ERP109468,PRJEB27394,,497552,ERS2579192,SAMEA4759100,simple,90370,Salmonella enterica subsp. enterica serovar Typhi,SAMEA4759100,,,,,,,no,,,,,FONDATION MERIEUX,ERA1526464,,public,60DCEA6F2D23B3B9ACBA5334DF70911C,F158DE5BB16AE870625AAEA21F6BFFF3
ERR2663514,2018-10-25 13:13:41,2018-10-29 03:20:15,2154482,646344600,2154482,300,263,,https://sra-downloadb.be-md.ncbi.nlm.nih.gov/sos9/sra-pub-zq-922/ERR002/663/ERR2663514.sralite.1,ERX2679323,unspecified,WGS,RANDOM,GENOMIC,PAIRED,300,0,ILLUMINA,Illumina HiSeq 4000,ERP109468,PRJEB27394,,497552,ERS2579193,SAMEA4759101,simple,90370,Salmonella enterica subsp. enterica serovar Typhi,SAMEA4759101,,,,,,,no,,,,,FONDATION MERIEUX,ERA1526464,,public,F2E3327BEE5F82DE1319018CD7501E5C,A2B5FB12CD7F8454EFB0DFDC85779D14
ERR2663515,2018-10-25 13:13:41,2018-10-29 03:20:38,2196420,658926000,2196420,300,264,,https://sra-downloadb.be-md.ncbi.nlm.nih.gov/sos9/sra-pub-zq-922/ERR002/663/ERR2663515.sralite.1,ERX2679324,unspecified,WGS,RANDOM,GENOMIC,PAIRED,300,0,ILLUMINA,Illumina HiSeq 4000,ERP109468,PRJEB27394,,497552,ERS2579194,SAMEA4759102,simple,90370,Salmonella enterica subsp. enterica serovar Typhi,SAMEA4759102,,,,,,,no,,,,,FONDATION MERIEUX,ERA1526464,,public,D8BB00BEBB25E95591D0F900BB1B044E,F6E8174C0B1B5569F804CA3DB844A2B9
ERR2663516,2018-10-25 13:13:41,2018-10-29 03:20:38,2019324,605797200,2019324,300,242,,https://sra-downloadb.be-md.ncbi.nlm.nih.gov/sos12/sra-pub-zq-1216/ERR002/663/ERR2663516.sralite.1,ERX2679325,unspecified,WGS,RANDOM,GENOMIC,PAIRED,300,0,ILLUMINA,Illumina HiSeq 4000,ERP109468,PRJEB27394,,497552,ERS2579195,SAMEA4759103,simple,90370,Salmonella enterica subsp. enterica serovar Typhi,SAMEA4759103,,,,,,,no,,,,,FONDATION MERIEUX,ERA1526464,,public,67D6C8EA72346AB1425278E211A46AAC,5F863F8A5F274B345E7508850B9AB597
ERR2663517,2018-10-25 13:13:41,2018-10-29 03:20:36,2216433,664929900,2216433,300,277,,https://sra-downloadb.be-md.ncbi.nlm.nih.gov/sos9/sra-pub-zq-922/ERR002/663/ERR2663517.sralite.1,ERX2679326,unspecified,WGS,RANDOM,GENOMIC,PAIRED,300,0,ILLUMINA,Illumina HiSeq 4000,ERP109468,PRJEB27394,,497552,ERS2579196,SAMEA4759104,simple,90370,Salmonella enterica subsp. enterica serovar Typhi,SAMEA4759104,,,,,,,no,,,,,FONDATION MERIEUX,ERA1526464,,public,AC8FC45BB77278B1D2F9B8EF27C9DED7,A14E5A1F253E5C79C2BB30C016F85DAF
ERR2663518,2018-10-25 13:13:41,2018-10-29 03:20:59,1906930,572079000,1906930,300,239,,https://sra-downloadb.be-md.ncbi.nlm.nih.gov/sos9/sra-pub-zq-922/ERR002/663/ERR2663518.sralite.1,ERX2679327,unspecified,WGS,RANDOM,GENOMIC,PAIRED,300,0,ILLUMINA,Illumina HiSeq 4000,ERP109468,PRJEB27394,,497552,ERS2579197,SAMEA4759105,simple,90370,Salmonella enterica subsp. enterica serovar Typhi,SAMEA4759105,,,,,,,no,,,,,FONDATION MERIEUX,ERA1526464,,public,A8D9CAE4BE612C519D90125006B897C4,2DCAA9CBDE64824E8CD18982F720ED02
ERR2663519,2018-10-25 13:13:41,2018-10-29 03:20:59,1905588,571676400,1905588,300,229,,https://sra-downloadb.be-md.ncbi.nlm.nih.gov/sos9/sra-pub-zq-922/ERR002/663/ERR2663519.sralite.1,ERX2679328,unspecified,WGS,RANDOM,GENOMIC,PAIRED,300,0,ILLUMINA,Illumina HiSeq 4000,ERP109468,PRJEB27394,,497552,ERS2579198,SAMEA4759106,simple,90370,Salmonella enterica subsp. enterica serovar Typhi,SAMEA4759106,,,,,,,no,,,,,FONDATION MERIEUX,ERA1526464,,public,987BC55DCFE9AF65A8A137FA3F13927D,11BB04F779497523E7B71AF8BF72C6F6
ERR2663520,2018-10-25 13:13:41,2018-10-29 03:21:18,2084326,625297800,2084326,300,250,,https://sra-downloadb.be-md.ncbi.nlm.nih.gov/sos12/sra-pub-zq-1216/ERR002/663/ERR2663520.sralite.1,ERX2679329,unspecified,WGS,RANDOM,GENOMIC,PAIRED,300,0,ILLUMINA,Illumina HiSeq 4000,ERP109468,PRJEB27394,,497552,ERS2579199,SAMEA4759107,simple,90370,Salmonella enterica subsp. enterica serovar Typhi,SAMEA4759107,,,,,,,no,,,,,FONDATION MERIEUX,ERA1526464,,public,3F7F08225DE313FAD025B5898616B2EE,99E8D37682DD806066E9DF852FC42507
ERR2663521,2018-10-25 13:13:41,2018-10-29 03:21:21,1884821,565446300,1884821,300,226,,https://sra-downloadb.be-md.ncbi.nlm.nih.gov/sos9/sra-pub-zq-922/ERR002/663/ERR2663521.sralite.1,ERX2679330,unspecified,WGS,RANDOM,GENOMIC,PAIRED,300,0,ILLUMINA,Illumina HiSeq 4000,ERP109468,PRJEB27394,,497552,ERS2579200,SAMEA4759108,simple,90370,Salmonella enterica subsp. enterica serovar Typhi,SAMEA4759108,,,,,,,no,,,,,FONDATION MERIEUX,ERA1526464,,public,22050A00EEF5F93F06AB0C3FEEA1E36C,975276FA71CAB2086CB598F01796D726
ERR2663522,2018-10-25 13:13:41,2018-10-29 03:21:51,1903805,571141500,1903805,300,228,,https://sra-downloadb.be-md.ncbi.nlm.nih.gov/sos9/sra-pub-zq-922/ERR002/663/ERR2663522.sralite.1,ERX2679331,unspecified,WGS,RANDOM,GENOMIC,PAIRED,300,0,ILLUMINA,Illumina HiSeq 4000,ERP109468,PRJEB27394,,497552,ERS2579201,SAMEA4759109,simple,90370,Salmonella enterica subsp. enterica serovar Typhi,SAMEA4759109,,,,,,,no,,,,,FONDATION MERIEUX,ERA1526464,,public,6EB63CB47DB8F59220EA72B6AE45C46B,79193416D7B0DDCDBD9A0D07541A85F3
ERR2663523,2018-10-25 13:13:41,2018-10-29 03:21:37,1730828,519248400,1730828,300,213,,https://sra-downloadb.be-md.ncbi.nlm.nih.gov/sos9/sra-pub-zq-922/ERR002/663/ERR2663523.sralite.1,ERX2679332,unspecified,WGS,RANDOM,GENOMIC,PAIRED,300,0,ILLUMINA,Illumina HiSeq 4000,ERP109468,PRJEB27394,,497552,ERS2579202,SAMEA4759110,simple,90370,Salmonella enterica subsp. enterica serovar Typhi,SAMEA4759110,,,,,,,no,,,,,FONDATION MERIEUX,ERA1526464,,public,72665E8601619C5D564267FF187FD6ED,1FC5EAD27368531014BA61A655298A92
ERR2663524,2018-10-25 13:13:41,2018-10-29 03:21:41,2604570,781371000,2604570,300,310,,https://sra-downloadb.be-md.ncbi.nlm.nih.gov/sos9/sra-pub-zq-922/ERR002/663/ERR2663524.sralite.1,ERX2679333,unspecified,WGS,RANDOM,GENOMIC,PAIRED,300,0,ILLUMINA,Illumina HiSeq 4000,ERP109468,PRJEB27394,,497552,ERS2579203,SAMEA4759111,simple,90370,Salmonella enterica subsp. enterica serovar Typhi,SAMEA4759111,,,,,,,no,,,,,FONDATION MERIEUX,ERA1526464,,public,256D7C1BBE963C7AF37F1967FB6AADCB,C9F19036DB4BD63E698CE16AB9D9F619
ERR2663525,2018-10-25 13:13:41,2018-10-29 03:21:41,2270828,681248400,2270828,300,271,,https://sra-downloadb.be-md.ncbi.nlm.nih.gov/sos12/sra-pub-zq-1216/ERR002/663/ERR2663525.sralite.1,ERX2679334,unspecified,WGS,RANDOM,GENOMIC,PAIRED,300,0,ILLUMINA,Illumina HiSeq 4000,ERP109468,PRJEB27394,,497552,ERS2579204,SAMEA4759112,simple,90370,Salmonella enterica subsp. enterica serovar Typhi,SAMEA4759112,,,,,,,no,,,,,FONDATION MERIEUX,ERA1526464,,public,95C63FBB85F7C223ECFD33559B13B2FA,57EBBC0DB717EB7912A86EAD4DA101AF
ERR2663526,2018-10-25 13:13:41,2018-10-29 03:22:06,2268910,680673000,2268910,300,275,,https://sra-downloadb.be-md.ncbi.nlm.nih.gov/sos9/sra-pub-zq-922/ERR002/663/ERR2663526.sralite.1,ERX2679335,unspecified,WGS,RANDOM,GENOMIC,PAIRED,300,0,ILLUMINA,Illumina HiSeq 4000,ERP109468,PRJEB27394,,497552,ERS2579205,SAMEA4759113,simple,90370,Salmonella enterica subsp. enterica serovar Typhi,SAMEA4759113,,,,,,,no,,,,,FONDATION MERIEUX,ERA1526464,,public,2421AA983E58EBE6CA94CFB0E0CE2007,FA659BE7690370544F99E2D1EFCFDA14
ERR2663527,2018-10-25 13:13:41,2018-10-29 03:22:05,1814547,544364100,1814547,300,220,,https://sra-downloadb.be-md.ncbi.nlm.nih.gov/sos9/sra-pub-zq-922/ERR002/663/ERR2663527.sralite.1,ERX2679336,unspecified,WGS,RANDOM,GENOMIC,PAIRED,300,0,ILLUMINA,Illumina HiSeq 4000,ERP109468,PRJEB27394,,497552,ERS2579206,SAMEA4759114,simple,90370,Salmonella enterica subsp. enterica serovar Typhi,SAMEA4759114,,,,,,,no,,,,,FONDATION MERIEUX,ERA1526464,,public,98868E2CD7A845B3B95C2FC9DC95A13E,71879AEF4DD03C55D944D5AE2EB91390
ERR2663528,2018-10-25 13:13:41,2018-10-29 03:22:11,2329801,698940300,2329801,300,282,,https://sra-downloadb.be-md.ncbi.nlm.nih.gov/sos9/sra-pub-zq-922/ERR002/663/ERR2663528.sralite.1,ERX2679337,unspecified,WGS,RANDOM,GENOMIC,PAIRED,300,0,ILLUMINA,Illumina HiSeq 4000,ERP109468,PRJEB27394,,497552,ERS2579207,SAMEA4759115,simple,90370,Salmonella enterica subsp. enterica serovar Typhi,SAMEA4759115,,,,,,,no,,,,,FONDATION MERIEUX,ERA1526464,,public,9E1A00C5FA23DED044434BA567F5BB5B,F8ACB5977B7FE51CD5FCF9505FBAAE0E
ERR2663529,2018-10-25 13:13:41,2018-10-29 03:22:25,3252393,975717900,3252393,300,393,,https://sra-downloadb.be-md.ncbi.nlm.nih.gov/sos12/sra-pub-zq-1216/ERR002/663/ERR2663529.sralite.1,ERX2679338,unspecified,WGS,RANDOM,GENOMIC,PAIRED,300,0,ILLUMINA,Illumina HiSeq 4000,ERP109468,PRJEB27394,,497552,ERS2579208,SAMEA4759116,simple,90370,Salmonella enterica subsp. enterica serovar Typhi,SAMEA4759116,,,,,,,no,,,,,FONDATION MERIEUX,ERA1526464,,public,32E273770B2807B9DBC37D6C6B2282A6,BDB28A359B92D69BC87E02CA152B0918
ERR2663530,2018-10-25 13:13:41,2018-10-29 03:22:23,1847857,554357100,1847857,300,229,,https://sra-downloadb.be-md.ncbi.nlm.nih.gov/sos9/sra-pub-zq-922/ERR002/663/ERR2663530.sralite.1,ERX2679339,unspecified,WGS,RANDOM,GENOMIC,PAIRED,300,0,ILLUMINA,Illumina HiSeq 4000,ERP109468,PRJEB27394,,497552,ERS2579209,SAMEA4759117,simple,90370,Salmonella enterica subsp. enterica serovar Typhi,SAMEA4759117,,,,,,,no,,,,,FONDATION MERIEUX,ERA1526464,,public,C211CD11640FBDBA6C3641EB0CCE9BBD,3AFB58FF82EA28BDF478BA032FA5B755
ERR2663531,2018-10-25 13:13:41,2018-10-29 03:22:26,1751748,525524400,1751748,300,216,,https://sra-downloadb.be-md.ncbi.nlm.nih.gov/sos9/sra-pub-zq-922/ERR002/663/ERR2663531.sralite.1,ERX2679340,unspecified,WGS,RANDOM,GENOMIC,PAIRED,300,0,ILLUMINA,Illumina HiSeq 4000,ERP109468,PRJEB27394,,497552,ERS2579210,SAMEA4759118,simple,90370,Salmonella enterica subsp. enterica serovar Typhi,SAMEA4759118,,,,,,,no,,,,,FONDATION MERIEUX,ERA1526464,,public,896F83474C4EC089C51E130FDDD39D0F,44E2820079B34C8E4013A998270B3121
ERR2663532,2018-10-25 13:13:41,2018-10-29 03:22:41,2087512,626253600,2087512,300,254,,https://sra-downloadb.be-md.ncbi.nlm.nih.gov/sos9/sra-pub-zq-922/ERR002/663/ERR2663532.sralite.1,ERX2679341,unspecified,WGS,RANDOM,GENOMIC,PAIRED,300,0,ILLUMINA,Illumina HiSeq 4000,ERP109468,PRJEB27394,,497552,ERS2579211,SAMEA4759119,simple,90370,Salmonella enterica subsp. enterica serovar Typhi,SAMEA4759119,,,,,,,no,,,,,FONDATION MERIEUX,ERA1526464,,public,E24D29CDEE0A348307D97A56367EABD4,3B3D1E0EFC7FD41A634A89C08330C0B7
ERR2663533,2018-10-25 13:13:41,2018-10-29 03:23:03,2188045,656413500,2188045,300,265,,https://sra-downloadb.be-md.ncbi.nlm.nih.gov/sos9/sra-pub-zq-922/ERR002/663/ERR2663533.sralite.1,ERX2679342,unspecified,WGS,RANDOM,GENOMIC,PAIRED,300,0,ILLUMINA,Illumina HiSeq 4000,ERP109468,PRJEB27394,,497552,ERS2579212,SAMEA4759120,simple,90370,Salmonella enterica subsp. enterica serovar Typhi,SAMEA4759120,,,,,,,no,,,,,FONDATION MERIEUX,ERA1526464,,public,9FE66B149832768D67E3D38A13973740,354873CBB13180927B994DA1681487EA
ERR2663534,2018-10-25 13:13:41,2018-10-29 03:23:10,2027593,608277900,2027593,300,245,,https://sra-downloadb.be-md.ncbi.nlm.nih.gov/sos12/sra-pub-zq-1216/ERR002/663/ERR2663534.sralite.1,ERX2679343,unspecified,WGS,RANDOM,GENOMIC,PAIRED,300,0,ILLUMINA,Illumina HiSeq 4000,ERP109468,PRJEB27394,,497552,ERS2579213,SAMEA4759121,simple,90370,Salmonella enterica subsp. enterica serovar Typhi,SAMEA4759121,,,,,,,no,,,,,FONDATION MERIEUX,ERA1526464,,public,73AF97CC50F1F023AF0DCA858DFB6655,8F1987A79952A5CC9E49784E5093542E
ERR2663535,2018-10-25 13:13:41,2018-10-29 03:23:04,2165837,649751100,2165837,300,267,,https://sra-downloadb.be-md.ncbi.nlm.nih.gov/sos9/sra-pub-zq-922/ERR002/663/ERR2663535.sralite.1,ERX2679344,unspecified,WGS,RANDOM,GENOMIC,PAIRED,300,0,ILLUMINA,Illumina HiSeq 4000,ERP109468,PRJEB27394,,497552,ERS2579214,SAMEA4759122,simple,90370,Salmonella enterica subsp. enterica serovar Typhi,SAMEA4759122,,,,,,,no,,,,,FONDATION MERIEUX,ERA1526464,,public,71F4A55E6A435EEFF47AC597AA93B10C,C9D974C9BFA23566D277E16FA2949CDE
ERR2059823,2017-10-02 09:22:30,2017-12-06 14:02:30,1619547,487902478,1619547,301,119,,https://sra-downloadb.be-md.ncbi.nlm.nih.gov/sos12/sra-pub-zq-1211/ERR002/059/ERR2059823/ERR2059823.sralite.1,ERX2118880,unspecified,WGS,RANDOM,GENOMIC,PAIRED,300,0,ILLUMINA,NextSeq 500,ERP024309,PRJEB21992,,412845,ERS1847343,SAMEA104188325,simple,90370,Salmonella enterica subsp. enterica serovar Typhi,SAMEA104188325,,,,,,,no,,,,,"UNIVERSITY OF EAST ANGLIA, UK",ERA981707,,public,47931EAA1A1D533198EF7AFE1AB5C991,627301C35CD67736CB5683DDB6576ACC
ERR360662,2014-03-14 22:43:48,2014-03-08 02:57:14,1438698,287739600,1438698,200,126,BioProject40625,https://sra-downloadb.be-md.ncbi.nlm.nih.gov/sos12/sra-pub-zq-1211/ERR000/360/ERR360662/ERR360662.sralite.1,ERX333433,7995747,WGS,RANDOM,GENOMIC,PAIRED,200,77,ILLUMINA,Illumina HiSeq 2000,ERP001718,PRJEB3215,,204838,ERS330827,SAMEA1930168,simple,90370,Salmonella enterica subsp. enterica serovar Typhi,SAMEA1930168,,,,,,,no,,,,,SC,ERA260548,,public,8FE67E9D44F47C013E502E8E278E82EE,D2E3E12B22CFDA57096087CCEC5868D8
ERR360579,2014-03-14 22:43:48,2014-03-08 03:57:17,1449580,289916000,1449580,200,131,BioProject40625,https://sra-downloadb.be-md.ncbi.nlm.nih.gov/sos12/sra-pub-zq-1211/ERR000/360/ERR360579/ERR360579.sralite.1,ERX333350,7995747,WGS,RANDOM,GENOMIC,PAIRED,199,75,ILLUMINA,Illumina HiSeq 2000,ERP001718,PRJEB3215,,204838,ERS330827,SAMEA1930168,simple,90370,Salmonella enterica subsp. enterica serovar Typhi,SAMEA1930168,,,,,,,no,,,,,SC,ERA260548,,public,2CF31647C57721C2C464E227462FFF45,C29664BC49A39B495E346E7875321449
ERR360526,2014-03-14 22:43:48,2014-03-08 03:38:42,1418742,283748400,1418742,200,124,BioProject40625,https://sra-downloadb.be-md.ncbi.nlm.nih.gov/sos12/sra-pub-zq-1211/ERR000/360/ERR360526/ERR360526.sralite.1,ERX333297,7995616,WGS,RANDOM,GENOMIC,PAIRED,201,82,ILLUMINA,Illumina HiSeq 2000,ERP001718,PRJEB3215,,204838,ERS330881,SAMEA1930222,simple,90370,Salmonella enterica subsp. enterica serovar Typhi,SAMEA1930222,,,,,,,no,,,,,SC,ERA260548,,public,7B47D3D1B41859636B8F17559E431AA6,B305E273584AFBAF78C623336B928C6A
ERR360444,2014-03-14 22:43:48,2014-03-08 02:53:15,1380057,276011400,1380057,200,119,BioProject40625,https://sra-downloadb.be-md.ncbi.nlm.nih.gov/sos12/sra-pub-zq-1211/ERR000/360/ERR360444/ERR360444.sralite.1,ERX333215,7995616,WGS,RANDOM,GENOMIC,PAIRED,203,82,ILLUMINA,Illumina HiSeq 2000,ERP001718,PRJEB3215,,204838,ERS330881,SAMEA1930222,simple,90370,Salmonella enterica subsp. enterica serovar Typhi,SAMEA1930222,,,,,,,no,,,,,SC,ERA260548,,public,16E284F87604BD014E333E22B1E59522,79EC63792B3AE5DB252472E21C18D84A
ERR360446,2014-03-14 22:43:48,2014-03-08 02:53:21,1424362,284872400,1424362,200,121,BioProject40625,https://sra-downloadb.be-md.ncbi.nlm.nih.gov/sos12/sra-pub-zq-1211/ERR000/360/ERR360446/ERR360446.sralite.1,ERX333217,7995640,WGS,RANDOM,GENOMIC,PAIRED,203,82,ILLUMINA,Illumina HiSeq 2000,ERP001718,PRJEB3215,,204838,ERS330927,SAMEA1930268,simple,90370,Salmonella enterica subsp. enterica serovar Typhi,SAMEA1930268,,,,,,,no,,,,,SC,ERA260548,,public,6FD5C05F4B06621561BBAB869B178DEE,B9F23F1E080EFAD40E94706607CF0382
ERR360528,2014-03-14 22:43:48,2014-03-08 03:39:17,1460204,292040800,1460204,200,126,BioProject40625,https://sra-downloadb.be-md.ncbi.nlm.nih.gov/sos12/sra-pub-zq-1211/ERR000/360/ERR360528/ERR360528.sralite.1,ERX333299,7995640,WGS,RANDOM,GENOMIC,PAIRED,201,82,ILLUMINA,Illumina HiSeq 2000,ERP001718,PRJEB3215,,204838,ERS330927,SAMEA1930268,simple,90370,Salmonella enterica subsp. enterica serovar Typhi,SAMEA1930268,,,,,,,no,,,,,SC,ERA260548,,public,958E0F8B78851FBECCBD27FB7D6E9459,4DF608741D6645BD6A6AE277E6A85CAB
ERR352462,2014-03-13 22:37:50,2014-03-07 16:00:11,1564254,312850800,1564254,200,140,BioProject40625,https://sra-downloadb.be-md.ncbi.nlm.nih.gov/sos12/sra-pub-zq-1211/ERR000/352/ERR352462/ERR352462.sralite.1,ERX325245,7860795,WGS,RANDOM,GENOMIC,PAIRED,277,68,ILLUMINA,Illumina HiSeq 2000,ERP001718,PRJEB3215,,204838,ERS326305,SAMEA1964708,simple,90370,Salmonella enterica subsp. enterica serovar Typhi,SAMEA1964708,,,,,,,no,,,,,SC,ERA257947,,public,EB95149361A2BED590D7146DDD500218,0B2488A9F7B4DBC5A494E5E75DADC646
ERR352548,2014-03-13 22:37:50,2014-03-07 16:15:31,1528682,305736400,1528682,200,136,BioProject40625,https://sra-downloadb.be-md.ncbi.nlm.nih.gov/sos12/sra-pub-zq-1211/ERR000/352/ERR352548/ERR352548.sralite.1,ERX325331,7860795,WGS,RANDOM,GENOMIC,PAIRED,277,68,ILLUMINA,Illumina HiSeq 2000,ERP001718,PRJEB3215,,204838,ERS326305,SAMEA1964708,simple,90370,Salmonella enterica subsp. enterica serovar Typhi,SAMEA1964708,,,,,,,no,,,,,SC,ERA257947,,public,E3BC70179602B8DFD56AE6A1C2BB2AE7,CD201C0D5D2852E944383B821DE84C04
ERR352389,2014-03-13 22:37:50,2014-03-07 15:41:19,1531973,306394600,1531973,200,135,BioProject40625,https://sra-downloadb.be-md.ncbi.nlm.nih.gov/sos12/sra-pub-zq-1211/ERR000/352/ERR352389/ERR352389.sralite.1,ERX325172,7860664,WGS,RANDOM,GENOMIC,PAIRED,274,66,ILLUMINA,Illumina HiSeq 2000,ERP001718,PRJEB3215,,204838,ERS326358,SAMEA2143343,simple,90370,Salmonella enterica subsp. enterica serovar Typhi,SAMEA2143343,,,,,,,no,,,,,SC,ERA257947,,public,C84DFB04A0465AF11D5391A76BA0BF87,0AAE334B3C5BEC459C5AF2ADF749FC2C
ERR352303,2014-03-13 22:37:50,2014-03-07 18:04:05,1518034,303606800,1518034,200,136,BioProject40625,https://sra-downloadb.be-md.ncbi.nlm.nih.gov/sos12/sra-pub-zq-1211/ERR000/352/ERR352303/ERR352303.sralite.1,ERX325086,7860664,WGS,RANDOM,GENOMIC,PAIRED,273,66,ILLUMINA,Illumina HiSeq 2000,ERP001718,PRJEB3215,,204838,ERS326358,SAMEA2143343,simple,90370,Salmonella enterica subsp. enterica serovar Typhi,SAMEA2143343,,,,,,,no,,,,,SC,ERA257947,,public,E8CF498D128D2ACA8C844B35B41DF15C,97181B4E02B4876EEC2C544A2226889E
ERR357688,2014-03-14 22:43:48,2014-03-08 00:23:38,1601252,320250400,1601252,200,138,BioProject40625,https://sra-downloadb.be-md.ncbi.nlm.nih.gov/sos12/sra-pub-zq-1211/ERR000/357/ERR357688/ERR357688.sralite.1,ERX330460,7943887,WGS,RANDOM,GENOMIC,PAIRED,216,67,ILLUMINA,Illumina HiSeq 2000,ERP001718,PRJEB3215,,204838,ERS326291,SAMEA2145422,simple,90370,Salmonella enterica subsp. enterica serovar Typhi,SAMEA2145422,,,,,,,no,,,,,SC,ERA259710,,public,5164B103DA54F40DADCFF8C534363FC6,AC5DFAAA0D5BA101DF489FD39738AE4C
ERR352277,2014-03-13 22:37:50,2014-03-07 18:03:06,1449525,289905000,1449525,200,129,BioProject40625,https://sra-downloadb.be-md.ncbi.nlm.nih.gov/sos12/sra-pub-zq-1211/ERR000/352/ERR352277/ERR352277.sralite.1,ERX325060,7860732,WGS,RANDOM,GENOMIC,PAIRED,273,66,ILLUMINA,Illumina HiSeq 2000,ERP001718,PRJEB3215,,204838,ERS326296,SAMEA2145564,simple,90370,Salmonella enterica subsp. enterica serovar Typhi,SAMEA2145564,,,,,,,no,,,,,SC,ERA257947,,public,AB65E940A2848F97DC99E58E03613603,F0C9DB6154A967A6B116BA98F47BEC60
ERR352363,2014-03-13 22:37:50,2014-03-07 15:33:00,1473540,294708000,1473540,200,129,BioProject40625,https://sra-downloadb.be-md.ncbi.nlm.nih.gov/sos12/sra-pub-zq-1211/ERR000/352/ERR352363/ERR352363.sralite.1,ERX325146,7860732,WGS,RANDOM,GENOMIC,PAIRED,274,66,ILLUMINA,Illumina HiSeq 2000,ERP001718,PRJEB3215,,204838,ERS326296,SAMEA2145564,simple,90370,Salmonella enterica subsp. enterica serovar Typhi,SAMEA2145564,,,,,,,no,,,,,SC,ERA257947,,public,2C92412ACC33A2C01BCD1FA75EAA79E3,2291D97193C26771068B194855D7956E
ERR352554,2014-03-13 22:37:50,2014-03-07 16:18:19,1851525,370305000,1851525,200,164,BioProject40625,https://sra-downloadb.be-md.ncbi.nlm.nih.gov/sos12/sra-pub-zq-1211/ERR000/352/ERR352554/ERR352554.sralite.1,ERX325337,7860772,WGS,RANDOM,GENOMIC,PAIRED,277,68,ILLUMINA,Illumina HiSeq 2000,ERP001718,PRJEB3215,,204838,ERS326332,SAMEA2145822,simple,90370,Salmonella enterica subsp. enterica serovar Typhi,SAMEA2145822,,,,,,,no,,,,,SC,ERA257947,,public,1C975D00284BE9729AE57F51A3AE6136,758A1AE022A2BF7B6CE5E0610ED854ED
ERR352468,2014-03-13 22:37:50,2014-03-07 16:00:33,1895837,379167400,1895837,200,169,BioProject40625,https://sra-downloadb.be-md.ncbi.nlm.nih.gov/sos12/sra-pub-zq-1211/ERR000/352/ERR352468/ERR352468.sralite.1,ERX325251,7860772,WGS,RANDOM,GENOMIC,PAIRED,277,68,ILLUMINA,Illumina HiSeq 2000,ERP001718,PRJEB3215,,204838,ERS326332,SAMEA2145822,simple,90370,Salmonella enterica subsp. enterica serovar Typhi,SAMEA2145822,,,,,,,no,,,,,SC,ERA257947,,public,520D98CADC356FDBC4DC11576F3C6E70,9AEA0CA73B19B328D3C01DC2B0CAB722
ERR357780,2014-03-14 22:43:48,2014-03-08 00:35:47,1364186,272837200,1364186,200,118,BioProject40625,https://sra-downloadb.be-md.ncbi.nlm.nih.gov/sos12/sra-pub-zq-1211/ERR000/357/ERR357780/ERR357780.sralite.1,ERX330552,7943864,WGS,RANDOM,GENOMIC,PAIRED,218,66,ILLUMINA,Illumina HiSeq 2000,ERP001718,PRJEB3215,,204838,ERS326327,SAMEA2146502,simple,90370,Salmonella enterica subsp. enterica serovar Typhi,SAMEA2146502,,,,,,,no,,,,,SC,ERA259710,,public,53DEC57829BC2FAE086C1A45F88108F1,DA0AA1D87EB5B440BDB3362BF5510414
ERR357694,2014-03-14 22:43:48,2014-03-08 00:23:22,1386168,277233600,1386168,200,120,BioProject40625,https://sra-downloadb.be-md.ncbi.nlm.nih.gov/sos12/sra-pub-zq-1211/ERR000/357/ERR357694/ERR357694.sralite.1,ERX330466,7943864,WGS,RANDOM,GENOMIC,PAIRED,216,67,ILLUMINA,Illumina HiSeq 2000,ERP001718,PRJEB3215,,204838,ERS326327,SAMEA2146502,simple,90370,Salmonella enterica subsp. enterica serovar Typhi,SAMEA2146502,,,,,,,no,,,,,SC,ERA259710,,public,F94F64755AD107C9BD013773B0FD9102,A4FAC45A5725A1A095B39B54858C986E
ERR357742,2014-03-14 22:43:48,2014-03-08 00:29:02,1750275,350055000,1750275,200,150,BioProject40625,https://sra-downloadb.be-md.ncbi.nlm.nih.gov/sos12/sra-pub-zq-1211/ERR000/357/ERR357742/ERR357742.sralite.1,ERX330514,7943870,WGS,RANDOM,GENOMIC,PAIRED,216,67,ILLUMINA,Illumina HiSeq 2000,ERP001718,PRJEB3215,,204838,ERS326490,SAMEA2148584,simple,90370,Salmonella enterica subsp. enterica serovar Typhi,SAMEA2148584,,,,,,,no,,,,,SC,ERA259710,,public,BA6D73AB92FE6EC4E446383573A20757,C7AE12A59BEEF116D7674CB50E6F131D
ERR357828,2014-03-14 22:43:48,2014-03-08 00:40:37,1722465,344493000,1722465,200,147,BioProject40625,https://sra-downloadb.be-md.ncbi.nlm.nih.gov/sos12/sra-pub-zq-1211/ERR000/357/ERR357828/ERR357828.sralite.1,ERX330600,7943870,WGS,RANDOM,GENOMIC,PAIRED,218,66,ILLUMINA,Illumina HiSeq 2000,ERP001718,PRJEB3215,,204838,ERS326490,SAMEA2148584,simple,90370,Salmonella enterica subsp. enterica serovar Typhi,SAMEA2148584,,,,,,,no,,,,,SC,ERA259710,,public,4C8B366873EB72B34386743A36F02FD9,3693C7CD0F3E5712BFBAC8A267A720B6
ERR352546,2014-03-13 22:37:50,2014-03-07 16:15:54,1768375,353675000,1768375,200,157,BioProject40625,https://sra-downloadb.be-md.ncbi.nlm.nih.gov/sos12/sra-pub-zq-1211/ERR000/352/ERR352546/ERR352546.sralite.1,ERX325329,7860771,WGS,RANDOM,GENOMIC,PAIRED,277,68,ILLUMINA,Illumina HiSeq 2000,ERP001718,PRJEB3215,,204838,ERS326303,SAMEA2148829,simple,90370,Salmonella enterica subsp. enterica serovar Typhi,SAMEA2148829,,,,,,,no,,,,,SC,ERA257947,,public,184BBADE55C3595429715C15799B80C7,87ED927E6B23EE8367781B1E7D00B4F8
ERR352460,2014-03-13 22:37:50,2014-03-07 15:59:23,1805318,361063600,1805318,200,162,BioProject40625,https://sra-downloadb.be-md.ncbi.nlm.nih.gov/sos12/sra-pub-zq-1211/ERR000/352/ERR352460/ERR352460.sralite.1,ERX325243,7860771,WGS,RANDOM,GENOMIC,PAIRED,277,68,ILLUMINA,Illumina HiSeq 2000,ERP001718,PRJEB3215,,204838,ERS326303,SAMEA2148829,simple,90370,Salmonella enterica subsp. enterica serovar Typhi,SAMEA2148829,,,,,,,no,,,,,SC,ERA257947,,public,7EE042FE8B52AD830F67CB3E6D05A17B,168B86F1C0C13CA9F33A47EA6B6FE850
ERR352394,2014-03-13 22:37:50,2014-03-07 15:44:07,1611269,322253800,1611269,200,142,BioProject40625,https://sra-downloadb.be-md.ncbi.nlm.nih.gov/sos12/sra-pub-zq-1211/ERR000/352/ERR352394/ERR352394.sralite.1,ERX325177,7860724,WGS,RANDOM,GENOMIC,PAIRED,274,66,ILLUMINA,Illumina HiSeq 2000,ERP001718,PRJEB3215,,204838,ERS326370,SAMEA2149341,simple,90370,Salmonella enterica subsp. enterica serovar Typhi,SAMEA2149341,,,,,,,no,,,,,SC,ERA257947,,public,1FC2AADEF36A3214D8723A96BD225684,7C03D1696B477814D01C29630219B5DE
ERR352308,2014-03-13 22:37:50,2014-03-07 18:43:59,1585374,317074800,1585374,200,141,BioProject40625,https://sra-downloadb.be-md.ncbi.nlm.nih.gov/sos12/sra-pub-zq-1211/ERR000/352/ERR352308/ERR352308.sralite.1,ERX325091,7860724,WGS,RANDOM,GENOMIC,PAIRED,273,66,ILLUMINA,Illumina HiSeq 2000,ERP001718,PRJEB3215,,204838,ERS326370,SAMEA2149341,simple,90370,Salmonella enterica subsp. enterica serovar Typhi,SAMEA2149341,,,,,,,no,,,,,SC,ERA257947,,public,D63852E43A46CACA1270EDEF466D49A1,D966748DA7F38872E927DEF9E49D4D5C
ERR357690,2014-03-14 22:43:48,2014-03-08 00:23:23,1547327,309465400,1547327,200,134,BioProject40625,https://sra-downloadb.be-md.ncbi.nlm.nih.gov/sos12/sra-pub-zq-1211/ERR000/357/ERR357690/ERR357690.sralite.1,ERX330462,7943911,WGS,RANDOM,GENOMIC,PAIRED,216,67,ILLUMINA,Illumina HiSeq 2000,ERP001718,PRJEB3215,,204838,ERS326293,SAMEA2152209,simple,90370,Salmonella enterica subsp. enterica serovar Typhi,SAMEA2152209,,,,,,,no,,,,,SC,ERA259710,,public,FB805DFA5B2E78970CEE75C33919E581,3A5F9E658E7BC40430F0A39741E60B15
ERR357776,2014-03-14 22:43:48,2014-03-08 00:36:07,1524192,304838400,1524192,200,131,BioProject40625,https://sra-downloadb.be-md.ncbi.nlm.nih.gov/sos12/sra-pub-zq-1211/ERR000/357/ERR357776/ERR357776.sralite.1,ERX330548,7943911,WGS,RANDOM,GENOMIC,PAIRED,218,66,ILLUMINA,Illumina HiSeq 2000,ERP001718,PRJEB3215,,204838,ERS326293,SAMEA2152209,simple,90370,Salmonella enterica subsp. enterica serovar Typhi,SAMEA2152209,,,,,,,no,,,,,SC,ERA259710,,public,47F4EDD64855491CC95202830BE38671,CE646786D128597B7315B5C3FC436133
ERR357777,2014-03-14 22:43:48,2014-03-08 00:36:00,1522651,304530200,1522651,200,131,BioProject40625,https://sra-downloadb.be-md.ncbi.nlm.nih.gov/sos12/sra-pub-zq-1211/ERR000/357/ERR357777/ERR357777.sralite.1,ERX330549,7943923,WGS,RANDOM,GENOMIC,PAIRED,218,66,ILLUMINA,Illumina HiSeq 2000,ERP001718,PRJEB3215,,204838,ERS326295,SAMEA2152611,simple,90370,Salmonella enterica subsp. enterica serovar Typhi,SAMEA2152611,,,,,,,no,,,,,SC,ERA259710,,public,3412898F1A71AB53FA2E3D80DBD74981,3618D7EEA490CE94BB968B2E7DA9C7E9
ERR357691,2014-03-14 22:43:48,2014-03-08 00:23:21,1547874,309574800,1547874,200,133,BioProject40625,https://sra-downloadb.be-md.ncbi.nlm.nih.gov/sos12/sra-pub-zq-1211/ERR000/357/ERR357691/ERR357691.sralite.1,ERX330463,7943923,WGS,RANDOM,GENOMIC,PAIRED,216,67,ILLUMINA,Illumina HiSeq 2000,ERP001718,PRJEB3215,,204838,ERS326295,SAMEA2152611,simple,90370,Salmonella enterica subsp. enterica serovar Typhi,SAMEA2152611,,,,,,,no,,,,,SC,ERA259710,,public,A44FAE7AFFA912DA740DD39671CB9EB0,0086C03891A8AC05F8B1D49B280A4537
ERR352459,2014-03-13 22:37:50,2014-03-07 15:58:54,1621872,324374400,1621872,200,146,BioProject40625,https://sra-downloadb.be-md.ncbi.nlm.nih.gov/sos12/sra-pub-zq-1211/ERR000/352/ERR352459/ERR352459.sralite.1,ERX325242,7860759,WGS,RANDOM,GENOMIC,PAIRED,277,68,ILLUMINA,Illumina HiSeq 2000,ERP001718,PRJEB3215,,204838,ERS326302,SAMEA2152750,simple,90370,Salmonella enterica subsp. enterica serovar Typhi,SAMEA2152750,,,,,,,no,,,,,SC,ERA257947,,public,7C31C76B00D8CA99FEC1228393D9137F,EF4EDBD8CBB3C7C3AA1260EEC7E66D83
ERR352545,2014-03-13 22:37:50,2014-03-07 16:15:28,1591745,318349000,1591745,200,142,BioProject40625,https://sra-downloadb.be-md.ncbi.nlm.nih.gov/sos12/sra-pub-zq-1211/ERR000/352/ERR352545/ERR352545.sralite.1,ERX325328,7860759,WGS,RANDOM,GENOMIC,PAIRED,277,68,ILLUMINA,Illumina HiSeq 2000,ERP001718,PRJEB3215,,204838,ERS326302,SAMEA2152750,simple,90370,Salmonella enterica subsp. enterica serovar Typhi,SAMEA2152750,,,,,,,no,,,,,SC,ERA257947,,public,9AEE360043FF8518E76804212F7E130E,474BFEC1DBD55E1DCC1ACAD686E1882C
ERR352390,2014-03-13 22:37:50,2014-03-07 15:41:21,1659158,331831600,1659158,200,146,BioProject40625,https://sra-downloadb.be-md.ncbi.nlm.nih.gov/sos12/sra-pub-zq-1211/ERR000/352/ERR352390/ERR352390.sralite.1,ERX325173,7860676,WGS,RANDOM,GENOMIC,PAIRED,274,66,ILLUMINA,Illumina HiSeq 2000,ERP001718,PRJEB3215,,204838,ERS326359,SAMEA2153764,simple,90370,Salmonella enterica subsp. enterica serovar Typhi,SAMEA2153764,,,,,,,no,,,,,SC,ERA257947,,public,9F331C1F9F1A9ED3BD13F16CBF5F4E78,2A5F9A6BE70BA8159B812671E6AFFCEE
ERR352304,2014-03-13 22:37:50,2014-03-07 18:04:02,1636705,327341000,1636705,200,146,BioProject40625,https://sra-downloadb.be-md.ncbi.nlm.nih.gov/sos12/sra-pub-zq-1211/ERR000/352/ERR352304/ERR352304.sralite.1,ERX325087,7860676,WGS,RANDOM,GENOMIC,PAIRED,273,66,ILLUMINA,Illumina HiSeq 2000,ERP001718,PRJEB3215,,204838,ERS326359,SAMEA2153764,simple,90370,Salmonella enterica subsp. enterica serovar Typhi,SAMEA2153764,,,,,,,no,,,,,SC,ERA257947,,public,FEF18838368E421B4346D987E411A29D,CE7002F18B0EB2AEF80FB65E4B2A3F4F
ERR357696,2014-03-14 22:43:48,2014-03-08 00:23:29,1516229,303245800,1516229,200,130,BioProject40625,https://sra-downloadb.be-md.ncbi.nlm.nih.gov/sos12/sra-pub-zq-1211/ERR000/357/ERR357696/ERR357696.sralite.1,ERX330468,7943888,WGS,RANDOM,GENOMIC,PAIRED,216,67,ILLUMINA,Illumina HiSeq 2000,ERP001718,PRJEB3215,,204838,ERS326330,SAMEA2154117,simple,90370,Salmonella enterica subsp. enterica serovar Typhi,SAMEA2154117,,,,,,,no,,,,,SC,ERA259710,,public,8BA4E1AA06755299C17EFED1615E4822,50CACB86FE9176F9C49852CB4EBC7C29
ERR357782,2014-03-14 22:43:48,2014-03-08 00:35:46,1493489,298697800,1493489,200,128,BioProject40625,https://sra-downloadb.be-md.ncbi.nlm.nih.gov/sos12/sra-pub-zq-1211/ERR000/357/ERR357782/ERR357782.sralite.1,ERX330554,7943888,WGS,RANDOM,GENOMIC,PAIRED,218,66,ILLUMINA,Illumina HiSeq 2000,ERP001718,PRJEB3215,,204838,ERS326330,SAMEA2154117,simple,90370,Salmonella enterica subsp. enterica serovar Typhi,SAMEA2154117,,,,,,,no,,,,,SC,ERA259710,,public,7ACE378781F7AF7E97145D125EB9FAB6,70C1CF699683B9827AEDB730145D3EDB
ERR352508,2014-03-13 22:37:50,2014-03-07 16:06:42,1641237,328247400,1641237,200,147,BioProject40625,https://sra-downloadb.be-md.ncbi.nlm.nih.gov/sos12/sra-pub-zq-1211/ERR000/352/ERR352508/ERR352508.sralite.1,ERX325291,7860777,WGS,RANDOM,GENOMIC,PAIRED,277,68,ILLUMINA,Illumina HiSeq 2000,ERP001718,PRJEB3215,,204838,ERS326501,SAMEA2155750,simple,90370,Salmonella enterica subsp. enterica serovar Typhi,SAMEA2155750,,,,,,,no,,,,,SC,ERA257947,,public,3BB8D16DF968B5A9CFE11E174050F865,6CECD2BA86A0278215074C5F2899B08E
ERR352594,2014-03-13 22:37:50,2014-03-07 16:25:43,1608071,321614200,1608071,200,143,BioProject40625,https://sra-downloadb.be-md.ncbi.nlm.nih.gov/sos12/sra-pub-zq-1211/ERR000/352/ERR352594/ERR352594.sralite.1,ERX325377,7860777,WGS,RANDOM,GENOMIC,PAIRED,277,68,ILLUMINA,Illumina HiSeq 2000,ERP001718,PRJEB3215,,204838,ERS326501,SAMEA2155750,simple,90370,Salmonella enterica subsp. enterica serovar Typhi,SAMEA2155750,,,,,,,no,,,,,SC,ERA257947,,public,DCB3EDE48F0168B9B45E6E260C772743,69C6B6E84AA43A98A85F3DCA44D8E02C
ERR352376,2014-03-13 22:37:50,2014-03-07 15:40:21,1356350,271270000,1356350,200,119,BioProject40625,https://sra-downloadb.be-md.ncbi.nlm.nih.gov/sos12/sra-pub-zq-1211/ERR000/352/ERR352376/ERR352376.sralite.1,ERX325159,7860698,WGS,RANDOM,GENOMIC,PAIRED,274,66,ILLUMINA,Illumina HiSeq 2000,ERP001718,PRJEB3215,,204838,ERS326334,SAMEA2156285,simple,90370,Salmonella enterica subsp. enterica serovar Typhi,SAMEA2156285,,,,,,,no,,,,,SC,ERA257947,,public,A52937B0FA2202652149FA5FCE0452E5,5151E2B618EFDA9DEC6822A9D0F7E56E
ERR352290,2014-03-13 22:37:50,2014-03-07 18:02:48,1334843,266968600,1334843,200,118,BioProject40625,https://sra-downloadb.be-md.ncbi.nlm.nih.gov/sos12/sra-pub-zq-1211/ERR000/352/ERR352290/ERR352290.sralite.1,ERX325073,7860698,WGS,RANDOM,GENOMIC,PAIRED,273,66,ILLUMINA,Illumina HiSeq 2000,ERP001718,PRJEB3215,,204838,ERS326334,SAMEA2156285,simple,90370,Salmonella enterica subsp. enterica serovar Typhi,SAMEA2156285,,,,,,,no,,,,,SC,ERA257947,,public,794F5D510B6904DBD91D0D235F99889C,64AD8718B97E20F90BEEB47253FE1582
ERR352461,2014-03-13 22:37:50,2014-03-07 15:59:06,1591270,318254000,1591270,200,142,BioProject40625,https://sra-downloadb.be-md.ncbi.nlm.nih.gov/sos12/sra-pub-zq-1211/ERR000/352/ERR352461/ERR352461.sralite.1,ERX325244,7860783,WGS,RANDOM,GENOMIC,PAIRED,277,68,ILLUMINA,Illumina HiSeq 2000,ERP001718,PRJEB3215,,204838,ERS326304,SAMEA2158475,simple,90370,Salmonella enterica subsp. enterica serovar Typhi,SAMEA2158475,,,,,,,no,,,,,SC,ERA257947,,public,15C1C1DD6008764D65ACDB8FBA9FAD0A,56F229263052839E39FEBB9C8C902098
ERR352547,2014-03-13 22:37:50,2014-03-07 16:15:36,1558942,311788400,1558942,200,139,BioProject40625,https://sra-downloadb.be-md.ncbi.nlm.nih.gov/sos12/sra-pub-zq-1211/ERR000/352/ERR352547/ERR352547.sralite.1,ERX325330,7860783,WGS,RANDOM,GENOMIC,PAIRED,277,68,ILLUMINA,Illumina HiSeq 2000,ERP001718,PRJEB3215,,204838,ERS326304,SAMEA2158475,simple,90370,Salmonella enterica subsp. enterica serovar Typhi,SAMEA2158475,,,,,,,no,,,,,SC,ERA257947,,public,F111F9B169EE84909110C64EC51FA3C5,E354B10695074AE6A1F59A1E95CBD43C
ERR352384,2014-03-13 22:37:50,2014-03-07 15:41:21,1660551,332110200,1660551,200,146,BioProject40625,https://sra-downloadb.be-md.ncbi.nlm.nih.gov/sos12/sra-pub-zq-1211/ERR000/352/ERR352384/ERR352384.sralite.1,ERX325167,7860699,WGS,RANDOM,GENOMIC,PAIRED,274,66,ILLUMINA,Illumina HiSeq 2000,ERP001718,PRJEB3215,,204838,ERS326352,SAMEA2159213,simple,90370,Salmonella enterica subsp. enterica serovar Typhi,SAMEA2159213,,,,,,,no,,,,,SC,ERA257947,,public,0628EF97DCF1305DD82630B324722146,DFEB49748744BE353C8094065E90C2B2
ERR352298,2014-03-13 22:37:50,2014-03-07 18:04:14,1635714,327142800,1635714,200,146,BioProject40625,https://sra-downloadb.be-md.ncbi.nlm.nih.gov/sos12/sra-pub-zq-1211/ERR000/352/ERR352298/ERR352298.sralite.1,ERX325081,7860699,WGS,RANDOM,GENOMIC,PAIRED,273,66,ILLUMINA,Illumina HiSeq 2000,ERP001718,PRJEB3215,,204838,ERS326352,SAMEA2159213,simple,90370,Salmonella enterica subsp. enterica serovar Typhi,SAMEA2159213,,,,,,,no,,,,,SC,ERA257947,,public,C143A8D1580DF52842E3C7717FBACBBF,D720F2D0CBF86ED97CD7BF0D2AA15F23
ERR357792,2014-03-14 22:43:48,2014-03-08 00:36:09,1278782,255756400,1278782,200,111,BioProject40625,https://sra-downloadb.be-md.ncbi.nlm.nih.gov/sos12/sra-pub-zq-1211/ERR000/357/ERR357792/ERR357792.sralite.1,ERX330564,7943913,WGS,RANDOM,GENOMIC,PAIRED,218,66,ILLUMINA,Illumina HiSeq 2000,ERP001718,PRJEB3215,,204838,ERS326363,SAMEA2160785,simple,90370,Salmonella enterica subsp. enterica serovar Typhi,SAMEA2160785,,,,,,,no,,,,,SC,ERA259710,,public,783784F138F4D3688A176D44B97A7D8A,F84338F5FE04067E84D80DC8C13D724B
ERR357706,2014-03-14 22:43:48,2014-03-08 00:24:13,1298003,259600600,1298003,200,113,BioProject40625,https://sra-downloadb.be-md.ncbi.nlm.nih.gov/sos12/sra-pub-zq-1211/ERR000/357/ERR357706/ERR357706.sralite.1,ERX330478,7943913,WGS,RANDOM,GENOMIC,PAIRED,216,67,ILLUMINA,Illumina HiSeq 2000,ERP001718,PRJEB3215,,204838,ERS326363,SAMEA2160785,simple,90370,Salmonella enterica subsp. enterica serovar Typhi,SAMEA2160785,,,,,,,no,,,,,SC,ERA259710,,public,758D3A7A3929E12C81969CDE1ACD78FA,8127A6357819ECA4093784105323A110
ERR352293,2014-03-13 22:37:50,2014-03-07 18:02:32,1385394,277078800,1385394,200,123,BioProject40625,https://sra-downloadb.be-md.ncbi.nlm.nih.gov/sos12/sra-pub-zq-1211/ERR000/352/ERR352293/ERR352293.sralite.1,ERX325076,7860734,WGS,RANDOM,GENOMIC,PAIRED,273,66,ILLUMINA,Illumina HiSeq 2000,ERP001718,PRJEB3215,,204838,ERS326341,SAMEA2162870,simple,90370,Salmonella enterica subsp. enterica serovar Typhi,SAMEA2162870,,,,,,,no,,,,,SC,ERA257947,,public,2BA4C749A0AA6442EA9BC1FA19224072,5AB746161FD0F3A01EE6630ADC534FF5
ERR352379,2014-03-13 22:37:50,2014-03-07 15:41:01,1398023,279604600,1398023,200,123,BioProject40625,https://sra-downloadb.be-md.ncbi.nlm.nih.gov/sos12/sra-pub-zq-1211/ERR000/352/ERR352379/ERR352379.sralite.1,ERX325162,7860734,WGS,RANDOM,GENOMIC,PAIRED,274,66,ILLUMINA,Illumina HiSeq 2000,ERP001718,PRJEB3215,,204838,ERS326341,SAMEA2162870,simple,90370,Salmonella enterica subsp. enterica serovar Typhi,SAMEA2162870,,,,,,,no,,,,,SC,ERA257947,,public,27DE51BFF8DD2C6D7F83B7324DB55B17,F74B2B092DA49A3F972E9EBF153D10CE
ERR2663461,2018-10-25 13:13:40,2018-10-29 03:11:04,1913743,574122900,1913743,300,229,,https://sra-downloadb.be-md.ncbi.nlm.nih.gov/sos12/sra-pub-zq-1216/ERR002/663/ERR2663461.sralite.1,ERX2679270,unspecified,WGS,RANDOM,GENOMIC,PAIRED,300,0,ILLUMINA,Illumina HiSeq 4000,ERP109468,PRJEB27394,,497552,ERS2579141,SAMEA4759049,simple,90370,Salmonella enterica subsp. enterica serovar Typhi,SAMEA4759049,,,,,,,no,,,,,FONDATION MERIEUX,ERA1526464,,public,736FA6DD39D96B38E178A1EC772040F9,6AADC4145D68FA963B86551A0A875103
ERR2663462,2018-10-25 13:13:40,2018-10-29 03:11:25,2104452,631335600,2104452,300,258,,https://sra-downloadb.be-md.ncbi.nlm.nih.gov/sos12/sra-pub-zq-1216/ERR002/663/ERR2663462.sralite.1,ERX2679271,unspecified,WGS,RANDOM,GENOMIC,PAIRED,300,0,ILLUMINA,Illumina HiSeq 4000,ERP109468,PRJEB27394,,497552,ERS2579142,SAMEA4759050,simple,90370,Salmonella enterica subsp. enterica serovar Typhi,SAMEA4759050,,,,,,,no,,,,,FONDATION MERIEUX,ERA1526464,,public,289796B5690B1C22CA9287EEBFECAAA0,35E58A06C3FA988FFA6FB03297D085CE
ERR2663463,2018-10-25 13:13:40,2018-10-29 03:11:32,1869680,560904000,1869680,300,223,,https://sra-downloadb.be-md.ncbi.nlm.nih.gov/sos9/sra-pub-zq-922/ERR002/663/ERR2663463.sralite.1,ERX2679272,unspecified,WGS,RANDOM,GENOMIC,PAIRED,300,0,ILLUMINA,Illumina HiSeq 4000,ERP109468,PRJEB27394,,497552,ERS2579143,SAMEA4759051,simple,90370,Salmonella enterica subsp. enterica serovar Typhi,SAMEA4759051,,,,,,,no,,,,,FONDATION MERIEUX,ERA1526464,,public,8DC80680C883ED9506191B44D896D30C,0B2D799BE61D703E76B6542C6D9DB64C
ERR2663464,2018-10-25 13:13:40,2018-10-29 03:12:50,1801046,540313800,1801046,300,222,,https://sra-downloadb.be-md.ncbi.nlm.nih.gov/sos12/sra-pub-zq-1216/ERR002/663/ERR2663464.sralite.1,ERX2679273,unspecified,WGS,RANDOM,GENOMIC,PAIRED,300,0,ILLUMINA,Illumina HiSeq 4000,ERP109468,PRJEB27394,,497552,ERS2579144,SAMEA4759052,simple,90370,Salmonella enterica subsp. enterica serovar Typhi,SAMEA4759052,,,,,,,no,,,,,FONDATION MERIEUX,ERA1526464,,public,73FE9F2D03105713A94C4B233377FD28,2A162D8149B0BE0491CFFCB6BB8EF9C6
ERR2663465,2018-10-25 13:13:40,2018-10-29 03:12:47,2403828,721148400,2403828,300,290,,https://sra-downloadb.be-md.ncbi.nlm.nih.gov/sos12/sra-pub-zq-1216/ERR002/663/ERR2663465.sralite.1,ERX2679274,unspecified,WGS,RANDOM,GENOMIC,PAIRED,300,0,ILLUMINA,Illumina HiSeq 4000,ERP109468,PRJEB27394,,497552,ERS2579145,SAMEA4759053,simple,90370,Salmonella enterica subsp. enterica serovar Typhi,SAMEA4759053,,,,,,,no,,,,,FONDATION MERIEUX,ERA1526464,,public,5123472DDC5C29A72548EF00A6477464,48D5E1D54B54B414D233A3136C99ACA2
ERR2663466,2018-10-25 13:13:40,2018-10-29 03:12:51,1755225,526567500,1755225,300,211,,https://sra-downloadb.be-md.ncbi.nlm.nih.gov/sos9/sra-pub-zq-922/ERR002/663/ERR2663466.sralite.1,ERX2679275,unspecified,WGS,RANDOM,GENOMIC,PAIRED,300,0,ILLUMINA,Illumina HiSeq 4000,ERP109468,PRJEB27394,,497552,ERS2579146,SAMEA4759054,simple,90370,Salmonella enterica subsp. enterica serovar Typhi,SAMEA4759054,,,,,,,no,,,,,FONDATION MERIEUX,ERA1526464,,public,EE98986BAB5F5C46B4B36CA8CD62B608,87245C1AAB93411AF9EECC1E18EC11D4
ERR2663467,2018-10-25 13:13:40,2018-10-29 03:13:10,2327188,698156400,2327188,300,279,,https://sra-downloadb.be-md.ncbi.nlm.nih.gov/sos12/sra-pub-zq-1216/ERR002/663/ERR2663467.sralite.1,ERX2679276,unspecified,WGS,RANDOM,GENOMIC,PAIRED,300,0,ILLUMINA,Illumina HiSeq 4000,ERP109468,PRJEB27394,,497552,ERS2579147,SAMEA4759055,simple,90370,Salmonella enterica subsp. enterica serovar Typhi,SAMEA4759055,,,,,,,no,,,,,FONDATION MERIEUX,ERA1526464,,public,F904F8A46962CCBE8F8782DF6ABE0068,46CF63D5B8878B1C9A69A2F5E7226E03
ERR2663468,2018-10-25 13:13:40,2018-10-29 03:13:12,1850678,555203400,1850678,300,223,,https://sra-downloadb.be-md.ncbi.nlm.nih.gov/sos12/sra-pub-zq-1216/ERR002/663/ERR2663468.sralite.1,ERX2679277,unspecified,WGS,RANDOM,GENOMIC,PAIRED,300,0,ILLUMINA,Illumina HiSeq 4000,ERP109468,PRJEB27394,,497552,ERS2579148,SAMEA4759056,simple,90370,Salmonella enterica subsp. enterica serovar Typhi,SAMEA4759056,,,,,,,no,,,,,FONDATION MERIEUX,ERA1526464,,public,B089F8A81E6B55E5B69D9483835E3319,C7A9F3825D6C1D56836A564DF7BB9814
ERR2663469,2018-10-25 13:13:40,2018-10-29 03:13:54,2686179,805853700,2686179,300,326,,https://sra-downloadb.be-md.ncbi.nlm.nih.gov/sos12/sra-pub-zq-1216/ERR002/663/ERR2663469.sralite.1,ERX2679278,unspecified,WGS,RANDOM,GENOMIC,PAIRED,300,0,ILLUMINA,Illumina HiSeq 4000,ERP109468,PRJEB27394,,497552,ERS2579149,SAMEA4759057,simple,90370,Salmonella enterica subsp. enterica serovar Typhi,SAMEA4759057,,,,,,,no,,,,,FONDATION MERIEUX,ERA1526464,,public,B53AD0F476A12FA20FBCCB45F49DDA39,07291A543AD2DF0D36AED27F43BD121C
ERR2663470,2018-10-25 13:13:40,2018-10-29 03:13:49,1792145,537643500,1792145,300,221,,https://sra-downloadb.be-md.ncbi.nlm.nih.gov/sos12/sra-pub-zq-1216/ERR002/663/ERR2663470.sralite.1,ERX2679279,unspecified,WGS,RANDOM,GENOMIC,PAIRED,300,0,ILLUMINA,Illumina HiSeq 4000,ERP109468,PRJEB27394,,497552,ERS2579150,SAMEA4759058,simple,90370,Salmonella enterica subsp. enterica serovar Typhi,SAMEA4759058,,,,,,,no,,,,,FONDATION MERIEUX,ERA1526464,,public,EDDAA755959069C3B380EAC40132E416,7DCC0A2594789A6CF60405768D4E77DF
ERR2663471,2018-10-25 13:13:40,2018-10-29 03:14:09,1727502,518250600,1727502,300,206,,https://sra-downloadb.be-md.ncbi.nlm.nih.gov/sos9/sra-pub-zq-922/ERR002/663/ERR2663471.sralite.1,ERX2679280,unspecified,WGS,RANDOM,GENOMIC,PAIRED,300,0,ILLUMINA,Illumina HiSeq 4000,ERP109468,PRJEB27394,,497552,ERS2579151,SAMEA4759059,simple,90370,Salmonella enterica subsp. enterica serovar Typhi,SAMEA4759059,,,,,,,no,,,,,FONDATION MERIEUX,ERA1526464,,public,7595A224D254D581E72A1A071CA32EC6,3647C4622C62EFF30DE65B8CAFEC67E5
ERR2663472,2018-10-25 13:13:40,2018-10-29 03:14:14,2268132,680439600,2268132,300,269,,https://sra-downloadb.be-md.ncbi.nlm.nih.gov/sos12/sra-pub-zq-1216/ERR002/663/ERR2663472.sralite.1,ERX2679281,unspecified,WGS,RANDOM,GENOMIC,PAIRED,300,0,ILLUMINA,Illumina HiSeq 4000,ERP109468,PRJEB27394,,497552,ERS2579152,SAMEA4759060,simple,90370,Salmonella enterica subsp. enterica serovar Typhi,SAMEA4759060,,,,,,,no,,,,,FONDATION MERIEUX,ERA1526464,,public,5ED309A68EDD71AA2A0CF5B9E36DF1D2,406F1F5B935946F1EF84C64E77BE8A0F
ERR2663473,2018-10-25 13:13:40,2018-10-29 03:14:24,2065035,619510500,2065035,300,248,,https://sra-downloadb.be-md.ncbi.nlm.nih.gov/sos12/sra-pub-zq-1216/ERR002/663/ERR2663473.sralite.1,ERX2679282,unspecified,WGS,RANDOM,GENOMIC,PAIRED,300,0,ILLUMINA,Illumina HiSeq 4000,ERP109468,PRJEB27394,,497552,ERS2579153,SAMEA4759061,simple,90370,Salmonella enterica subsp. enterica serovar Typhi,SAMEA4759061,,,,,,,no,,,,,FONDATION MERIEUX,ERA1526464,,public,CCCBC6FB2283C2933E300665CE469C59,92636E4DA93AF68A2FAF7FBD71FC5C84
ERR2663474,2018-10-25 13:13:40,2018-10-29 03:14:33,2082382,624714600,2082382,300,254,,https://sra-downloadb.be-md.ncbi.nlm.nih.gov/sos9/sra-pub-zq-922/ERR002/663/ERR2663474.sralite.1,ERX2679283,unspecified,WGS,RANDOM,GENOMIC,PAIRED,300,0,ILLUMINA,Illumina HiSeq 4000,ERP109468,PRJEB27394,,497552,ERS2579154,SAMEA4759062,simple,90370,Salmonella enterica subsp. enterica serovar Typhi,SAMEA4759062,,,,,,,no,,,,,FONDATION MERIEUX,ERA1526464,,public,F7E8E89D94FE4FBB72417594EE418EA2,2E8991EF6ADAD1997341128B0E3CE17D
ERR357774,2014-03-14 22:43:48,2014-03-08 00:34:26,1580673,316134600,1580673,200,136,BioProject40625,https://sra-downloadb.be-md.ncbi.nlm.nih.gov/sos12/sra-pub-zq-1211/ERR000/357/ERR357774/ERR357774.sralite.1,ERX330546,7943887,WGS,RANDOM,GENOMIC,PAIRED,218,66,ILLUMINA,Illumina HiSeq 2000,ERP001718,PRJEB3215,,204838,ERS326291,SAMEA2145422,simple,90370,Salmonella enterica subsp. enterica serovar Typhi,SAMEA2145422,,,,,,,no,,,,,SC,ERA259710,,public,07E7C2BBEEE545942DFC905971F493EB,1C68CBDB8F35022B05D73A63F4FEB541
ERR499390,2014-05-14 12:45:26,2014-05-17 13:53:52,515346,56659009,0,109,130,,https://sra-downloadb.be-md.ncbi.nlm.nih.gov/sos12/sra-pub-zq-1211/ERR000/499/ERR499390/ERR499390.lite.1,ERX464751,Salmonella Typhi E98-2068,WGS,RANDOM,GENOMIC,SINGLE,0,0,LS454,454 GS 20,ERP005799,PRJEB6285,,246649,ERS452497,SAMEA2518464,simple,90370,Salmonella enterica subsp. enterica serovar Typhi,SAMEA2518464,,,,,,,no,,,,,SC,ERA000001,,public,A4257FAF5523BAE787B6DD1C90E105FC,6C20F765F5227C56A2784BBF1EAF2696
